{      
  "MFNR_MODEL_NONBLIND_WIDE_BINNING_GAIN_RANGE_0": {
    "gain_range": [0.0, 32.0, 32.0, 64.0, 64.0, 1024.0],
    "K_max": [0.00387481, 0.0030453, 0.0030453, 0.00359003],
    "B_max": [8.29361610e-05, 2.19285534e-04, 2.19285534e-04, 1.26837100e-04],
    "k_b_coeffs": {
      "channel_0": [0.01135, 0.3436856, 1.53179720e-04, 3.50402875e-01, 9.83572799],
      "channel_1": [0.01018, 0.57804, 1.38568091e-04, 3.60009770e-01, 5.22083219],
      "channel_2": [0.01018, 0.57804, 1.53180212e-04, 3.60255848e-01, 6.06894387],
      "channel_3": [0.0112426, 0.474953, 1.37994950e-04, 3.50035814e-01, 1.00355193e+01]
    }
  },
  "MFNR_MODEL_NONBLIND_WIDE_BINNING_GAIN_RANGE_1": {
    "K_max": [0.00387481, 0.0030453, 0.0030453, 0.00359003],
    "B_max": [8.29361610e-05, 2.19285534e-04, 2.19285534e-04, 1.26837100e-04],
    "k_b_coeffs": {
      "channel_0": [0.00984163, 3.0035, 9.445271e-04, -2.2416746, 1719.458358],
      "channel_1": [0.006593574, 5.7712087, -2.8853224e-04, 11.3196270, -14382.16887],
      "channel_2": [0.006593574, 5.7712087, -2.8853224e-04, 11.3196270, -14382.16887],
      "channel_3": [0.008510446, 5.1607899, 9.1611636e-04, 7.45956e-01, -3094.106]
    }
  },
  "MFNR_MODEL_NONBLIND_WIDE_BINNING_GAIN_RANGE_2": {
    "K_max": [0.00387481, 0.0030453, 0.0030453, 0.00359003],
    "B_max": [8.29361610e-05, 2.19285534e-04, 2.19285534e-04, 1.26837100e-04],
    "k_b_coeffs": {
      "channel_0": [0.0070392, 12.79885, 3.645e-04, 7.716336e-01, -2191.1533],
      "channel_1": [0.005906755, 7.3624878, -2.390772e-04, 12.46381, -18488.843],
      "channel_2": [0.005906755, 7.3624878, -2.390772e-04, 12.46381, -18488.843],
      "channel_3": [0.00644945, 12.37945456, 3.4765e-04 , 2.81986, -4281.7493]
    }
  },
  "MFNR_MODEL_NONBLIND_WIDE_QUAD_GAIN_RANGE_0": {
    "gain_range": [0.0, 1024.0],
    "K_max": [-1, -1, -1, -1],
    "B_max": [-1, -1, -1, -1],
    "k_b_coeffs": {
      "channel_0": [0.021064498, -0.02856828, 6.8821870525e-04, 5.5832549525e-01, 3.76090229e+1],
      "channel_1": [0.021131435, 0.0602177425, 4.59924479e-04, 4.84596149e-01, 5.39398325e+01],
      "channel_2": [0.021131435, 0.0602177425, 4.59924479e-04, 4.84596149e-01, 5.39398325e+01],
      "channel_3": [0.0210242125, 0.01941136, 7.21646212e-04, 5.70848883e-01, 3.78973201e+01]
    }
  },
  "MFNR_MODEL_NONBLIND_UW_BINNING_GAIN_RANGE_0": {
    "gain_range": [0.0, 1024.0],
    "K_max": [0.00708062, 0.00211784, 0.00211305, 0.0071436],
    "B_max": [1.47657707e-04, 1.20536904e-05, 1.20536904e-05, 1.47657707e-04],
    "k_b_coeffs": {
      "channel_0": [0.01016113, 0.6277668, 2.68483591e-04, 1.26927178e-01, 7.98039748e+01],
      "channel_1": [0.01074579, 0.31003926, 2.68483591e-04, 1.26927178e-01, 7.98039748e+01],
      "channel_2": [0.01070951, 0.34769707, 2.68483591e-04, 1.26927178e-01, 7.98039748e+01],
      "channel_3": [0.0102722, 0.56713124, 2.68483591e-04, 1.26927178e-01, 7.98039748e+01]
    }
  },
  "MFNR_MODEL_NONBLIND_TELE_BINNING_GAIN_RANGE_0": {
    "gain_range": [0.0, 1024.0],
    "K_max": [0.00608348, 0.00626136, 0.00627158, 0.00614939],
    "B_max": [0.00010434, 0.00012342, 0.00012276, 0.00011237],
    "k_b_coeffs": {
      "channel_0": [0.0306132, 1.70339356, 2.20619535e-03, 1.70449914e+00, -4.12499725e+01],
      "channel_1": [0.03163407, 1.35080887, 2.87603048e-03, 1.13843076e+00, 3.19839663e+01],
      "channel_2": [0.03169135, 1.33491375, 2.85860456e-03, 1.14027595e+00, 2.83312086e+01],
      "channel_3": [0.03097772, 1.6166919, 2.49277366e-03, 1.45213048e+00, -1.25260940e+01]
    }
  },
  "SFNR_MODEL_NONBLIND_WIDE_BINNING_GAIN_RANGE_0": {
    "gain_range": [0.0, 32.0, 32.0, 64.0, 64.0, 1024.0],
    "K_max": [0.00736974, 0.00164015, 0.00164015, 0.00692057],
    "B_max": [1.92513720e-04, 7.03646728e-05, 7.03646728e-05, 3.95883936e-04],
    "k_b_coeffs": {
      "channel_0": [0.01135, 0.3436856, 1.53179720e-04, 3.50402875e-01, 9.83572799],
      "channel_1": [0.01018, 0.57804, 1.38568091e-04, 3.60009770e-01, 5.22083219],
      "channel_2": [0.01018, 0.57804, 1.53180212e-04, 3.60255848e-01, 6.06894387],
      "channel_3": [0.0112426, 0.474953, 1.37994950e-04, 3.50035814e-01, 1.00355193e+01]
    }
  },
  "SFNR_MODEL_NONBLIND_WIDE_BINNING_GAIN_RANGE_1": {
    "K_max": [0.00736974, 0.00164015, 0.00164015, 0.00692057],
    "B_max": [1.92513720e-04, 7.03646728e-05, 7.03646728e-05, 3.95883936e-04],
    "k_b_coeffs": {
      "channel_0": [0.00984163, 3.0035, 9.445271e-04, -2.2416746, 1719.458358],
      "channel_1": [0.006593574, 5.7712087, -2.8853224e-04, 11.3196270, -14382.16887],
      "channel_2": [0.006593574, 5.7712087, -2.8853224e-04, 11.3196270, -14382.16887],
      "channel_3": [0.008510446, 5.1607899, 9.1611636e-04, 7.45956e-01, -3094.106]
    }
  },
  "SFNR_MODEL_NONBLIND_WIDE_BINNING_GAIN_RANGE_2": {
    "K_max": [0.00736974, 0.00164015, 0.00164015, 0.00692057],
    "B_max": [1.92513720e-04, 7.03646728e-05, 7.03646728e-05, 3.95883936e-04],
    "k_b_coeffs": {
      "channel_0": [0.0070392, 12.79885, 3.645e-04, 7.716336e-01, -2191.1533],
      "channel_1": [0.005906755, 7.3624878, -2.390772e-04, 12.46381, -18488.843],
      "channel_2": [0.005906755, 7.3624878, -2.390772e-04, 12.46381, -18488.843],
      "channel_3": [0.00644945, 12.37945456, 3.4765e-04 , 2.81986, -4281.7493]
    }
  },
  "SFNR_MODEL_NONBLIND_WIDE_QUAD_GAIN_RANGE_0": {
    "gain_range": [0.0, 1024.0],
    "max_val": 16383,
    "K_max": [0.00359401, 0.00103555, 0.00103555, 0.00359737],
    "B_max": [4.22049983e-05, 2.74203072e-06, 2.74203072e-06, 4.36518262e-05],
    "k_b_coeffs": {
      "channel_0": [0.021064498, -0.02856828, 6.8821870525e-04, 5.5832549525e-01, 3.76090229e+1],
      "channel_1": [0.021131435, 0.0602177425, 4.59924479e-04, 4.84596149e-01, 5.39398325e+01],
      "channel_2": [0.021131435, 0.0602177425, 4.59924479e-04, 4.84596149e-01, 5.39398325e+01],
      "channel_3": [0.0210242125, 0.01941136, 7.21646212e-04, 5.70848883e-01, 3.78973201e+01]
    }
  },
  "SFNR_MODEL_NONBLIND_UW_BINNING_GAIN_RANGE_0": {
    "gain_range": [0.0, 1024.0],
    "K_max": [0.00202304, 0.00211784, 0.00211784, 0.00204103],
    "B_max": [1.20536904e-05, 1.20536904e-05, 1.20536904e-05, 1.20536904e-05],
    "k_b_coeffs": {
      "channel_0": [0.01016113, 0.6277668, 2.68483591e-04, 1.26927178e-01, 7.98039748e+01],
      "channel_1": [0.01074579, 0.31003926, 2.68483591e-04, 1.26927178e-01, 7.98039748e+01],
      "channel_2": [0.01074579, 0.31003926, 2.68483591e-04, 1.26927178e-01, 7.98039748e+01],
      "channel_3": [0.0102722, 0.56713124, 2.68483591e-04, 1.26927178e-01, 7.98039748e+01]
    }
  },
  "SFNR_MODEL_NONBLIND_TELE_BINNING_GAIN_RANGE_0": {
    "gain_range": [0.0, 1024.0],
    "K_max": [0.00608348, 0.00626136, 0.00627158, 0.00614939],
    "B_max": [0.00010434, 0.00012342, 0.00012276, 0.00011237],
    "k_b_coeffs": {
      "channel_0": [0.0306132, 1.70339356, 2.20619535e-03, 1.70449914e+00, -4.12499725e+01],
      "channel_1": [0.03163407, 1.35080887, 2.87603048e-03, 1.13843076e+00, 3.19839663e+01],
      "channel_2": [0.03169135, 1.33491375, 2.85860456e-03, 1.14027595e+00, 2.83312086e+01],
      "channel_3": [0.03097772, 1.6166919, 2.49277366e-03, 1.45213048e+00, -1.25260940e+01]
    }
  }
}